period,label,dueDate,filingDate,taxableTurnoverLakhs,outputTaxLakhs,inputTaxCreditLakhs,taxPaidLakhs,paidDate
2024-04,Apr,2024-05-20,2024-05-18,7.6,1.37,0.80,0.57,2024-05-18
2024-05,May,2024-06-20,2024-06-19,8.1,1.46,0.83,0.63,2024-06-19
2024-06,Jun,2024-07-20,2024-07-17,8.4,1.51,0.88,0.63,2024-07-17
2024-07,Jul,2024-08-20,2024-08-20,7.9,1.42,0.81,0.61,2024-08-20
2024-08,Aug,2024-09-20,2024-09-16,8.6,1.55,0.90,0.65,2024-09-16
2024-09,Sep,2024-10-20,2024-10-18,9.0,1.62,0.94,0.68,2024-10-18
2024-10,Oct,2024-11-20,2024-11-19,9.5,1.71,0.99,0.72,2024-11-19
2024-11,Nov,2024-12-20,2024-12-17,8.8,1.58,0.92,0.66,2024-12-17
2024-12,Dec,2025-01-20,2025-01-20,9.2,1.66,0.95,0.71,2025-01-20
2025-01,Jan,2025-02-20,2025-02-18,8.3,1.49,0.86,0.63,2025-02-18
2025-02,Feb,2025-03-20,2025-03-19,8.0,1.44,0.82,0.62,2025-03-19
2025-03,Mar,2025-04-20,2025-04-18,8.2,1.48,0.85,0.63,2025-04-18
